system,className,status,source
Core,PersistentData,Found,dump.cs
Core,AIAgent,Found,dump.cs
Core,AIAgent,Found,dump.cs
Core,CharacterManager,Found,dump.cs
Core,MonsterManager,Found,dump.cs
Core,MonsterManager,Found,dump.cs
Core,BuildingInstance,Found,dump.cs
Core,GuardTower,Found,dump.cs
Core,ResourceProductionBuilding,Found,dump.cs
Core,SpawnTitan,Found,dump.cs
Core,DayNightController,Found,dump.cs
Core,DayNightController,Found,dump.cs
Core,DayNightController,Found,dump.cs
Core,BuildingDetails,Found,dump.cs
Core,BuildingData,Found,dump.cs
Core,CharacterData,Found,dump.cs
Core,JobData,Found,dump.cs
Core,ResourceData,Found,dump.cs
Core,ResourceInstance,Found,dump.cs
Core,WorkerData,Found,dump.cs
Core,SaveData,Found,dump.cs
Core,SaveLoadUtility,Found,dump.cs
Core,SaveLoadUtility,Found,dump.cs
Core,SaveLoadUtility,Found,dump.cs
Core,SaveLoadUtility,Found,dump.cs
Core,SaveLoadUtility,Found,dump.cs
Core,SaveLoadUtility,Found,dump.cs
